// tested with max_timeout = 720000ms = 12min, no stagnation

spList={SECOND_SPECIES, SECOND_SPECIES}, v_type={1, 2}
spList={SECOND_SPECIES, SECOND_SPECIES, SECOND_SPECIES}, v_type={0, 1, 2}
spList={THIRD_SPECIES, THIRD_SPECIES}, v_type={0, 2}
spList={THIRD_SPECIES, THIRD_SPECIES}, v_type={1, 0}
spList={THIRD_SPECIES, THIRD_SPECIES}, v_type={-1, 2}
spList={THIRD_SPECIES, THIRD_SPECIES}, v_type={-1, -2}
spList={THIRD_SPECIES, THIRD_SPECIES, THIRD_SPECIES}, v_type={0, 1, 2}

spList={SECOND_SPECIES, THIRD_SPECIES}, v_type={1, 2}
spList={SECOND_SPECIES, THIRD_SPECIES}, v_type={0, 2}
spList={SECOND_SPECIES, THIRD_SPECIES}, v_type={2, 0}
spList={THIRD_SPECIES, FIFTH_SPECIES}, v_type={2, 0}

spList={SECOND_SPECIES, THIRD_SPECIES, FOURTH_SPECIES}, v_type={2, 1, 0}



// No results
spList={THIRD_SPECIES, THIRD_SPECIES}, v_type={1, 2}
spList={THIRD_SPECIES, FIFTH_SPECIES}, v_type={0, 2}

spList={SECOND_SPECIES, THIRD_SPECIES, FOURTH_SPECIES}, v_type={2, 2, 1}
spList={SECOND_SPECIES, THIRD_SPECIES, FOURTH_SPECIES}, v_type={2, 1, 2}
spList={SECOND_SPECIES, THIRD_SPECIES, FOURTH_SPECIES}, v_type={1, 2, 2}
spList={SECOND_SPECIES, THIRD_SPECIES, FIFTH_SPECIES}, v_type={0, 1, 2}
spList={SECOND_SPECIES, THIRD_SPECIES, FIFTH_SPECIES}, v_type={2, 0, 1}
spList={SECOND_SPECIES, THIRD_SPECIES, FIFTH_SPECIES}, v_type={1, 2, 0}
spList={THIRD_SPECIES, FOURTH_SPECIES, FIFTH_SPECIES}, v_type={0, 1, 2}
spList={THIRD_SPECIES, FOURTH_SPECIES, FIFTH_SPECIES}, v_type={2, 0, 1}
spList={THIRD_SPECIES, FOURTH_SPECIES, FIFTH_SPECIES}, v_type={1, 2, 0}

spList={FOURTH_SPECIES, FOURTH_SPECIES}, v_type={1, 2}
spList={FOURTH_SPECIES, FOURTH_SPECIES}, v_type={-2, 2}
spList={FOURTH_SPECIES, FOURTH_SPECIES}, v_type={2, -2}
spList={FOURTH_SPECIES, FOURTH_SPECIES}, v_type={0, 2}
spList={FOURTH_SPECIES, FOURTH_SPECIES}, v_type={0, -2}
spList={FOURTH_SPECIES, FOURTH_SPECIES, FOURTH_SPECIES}, v_type={0, 1, 2}
spList={FOURTH_SPECIES, FOURTH_SPECIES, FOURTH_SPECIES}, v_type={0, -2, -2}
spList={FOURTH_SPECIES, FOURTH_SPECIES, FOURTH_SPECIES}, v_type={0, -1, -2}
spList={FOURTH_SPECIES, FOURTH_SPECIES, FOURTH_SPECIES}, v_type={-1, -2, -2}
spList={FOURTH_SPECIES, FOURTH_SPECIES, FOURTH_SPECIES}, v_type={-3, -1, -1}

spList={FIFTH_SPECIES, FIFTH_SPECIES}, v_type={1, 2}
spList={FIFTH_SPECIES, FIFTH_SPECIES}, v_type={0, -2}
spList={FIFTH_SPECIES, FIFTH_SPECIES}, v_type={-1, -1}
spList={FIFTH_SPECIES, FIFTH_SPECIES}, v_type={0, 2}
spList={FIFTH_SPECIES, FIFTH_SPECIES}, v_type={1, -1}
spList={FIFTH_SPECIES, FIFTH_SPECIES, FIFTH_SPECIES}, v_type={0, 1, 2}
spList={FIFTH_SPECIES, FIFTH_SPECIES, FIFTH_SPECIES}, v_type={0, -2, -2}
spList={FIFTH_SPECIES, FIFTH_SPECIES, FIFTH_SPECIES}, v_type={0, -1, -1}
spList={FIFTH_SPECIES, FIFTH_SPECIES, FIFTH_SPECIES}, v_type={-2, -1, -1}
spList={FIFTH_SPECIES, FIFTH_SPECIES, FIFTH_SPECIES}, v_type={-1, -1, 2}
